,A,C,D,E,F,G,H,I,K,L,M,N,P,Q,R,S,T,V,W,Y
Sequence_1,0.1,0.0,0.1,0.0,0.05,0.05,0.0,0.15,0.0,0.15,0.0,0.05,0.0,0.0,0.05,0.25,0.05,0.0,0.0,0.0
Sequence_2,0.1,0.0,0.1,0.0,0.05,0.05,0.0,0.15,0.0,0.15,0.0,0.05,0.0,0.0,0.05,0.25,0.05,0.0,0.0,0.0
Sequence_3,0.1,0.0,0.1,0.0,0.05,0.05,0.0,0.15,0.0,0.15,0.0,0.05,0.0,0.0,0.05,0.25,0.05,0.0,0.0,0.0
Sequence_9,0.05,0.0,0.1,0.0,0.05,0.05,0.0,0.15,0.0,0.1,0.0,0.15,0.0,0.1,0.05,0.15,0.0,0.0,0.0,0.05
Sequence_10,0.05,0.0,0.1,0.0,0.05,0.05,0.0,0.1,0.0,0.2,0.0,0.1,0.0,0.0,0.05,0.25,0.0,0.05,0.0,0.0
Sequence_12,0.05,0.0,0.1,0.0,0.05,0.05,0.0,0.1,0.0,0.2,0.0,0.1,0.0,0.0,0.05,0.25,0.0,0.05,0.0,0.0
Sequence_20,0.05,0.0,0.1,0.0,0.1,0.05,0.0,0.1,0.05,0.15,0.0,0.05,0.0,0.0,0.05,0.25,0.0,0.05,0.0,0.0
Sequence_29,0.05,0.0,0.1,0.0,0.05,0.05,0.0,0.1,0.0,0.2,0.0,0.1,0.0,0.0,0.05,0.25,0.0,0.05,0.0,0.0
Sequence_30,0.05,0.0,0.1,0.0,0.05,0.05,0.0,0.1,0.0,0.2,0.0,0.1,0.0,0.0,0.05,0.25,0.0,0.05,0.0,0.0
Sequence_31,0.1,0.0,0.05,0.05,0.05,0.05,0.0,0.1,0.0,0.2,0.0,0.05,0.0,0.05,0.1,0.2,0.0,0.0,0.0,0.0
Sequence_32,0.0,0.0,0.05,0.0,0.15,0.2,0.0,0.05,0.0,0.1,0.0,0.05,0.0,0.1,0.0,0.15,0.05,0.05,0.0,0.05
Sequence_33,0.1,0.0,0.1,0.0,0.0,0.05,0.05,0.0,0.05,0.05,0.0,0.05,0.05,0.0,0.05,0.2,0.05,0.15,0.0,0.05
Sequence_34,0.0,0.0,0.05,0.0,0.15,0.2,0.0,0.05,0.0,0.1,0.0,0.05,0.0,0.1,0.0,0.15,0.05,0.05,0.0,0.05
Sequence_35,0.05,0.0,0.15,0.0,0.05,0.0,0.05,0.15,0.0,0.1,0.0,0.05,0.0,0.1,0.05,0.2,0.0,0.0,0.0,0.05
Sequence_36,0.05,0.0,0.15,0.0,0.05,0.0,0.05,0.15,0.0,0.1,0.0,0.05,0.0,0.1,0.05,0.2,0.0,0.0,0.0,0.05
Sequence_37,0.1,0.0,0.05,0.05,0.05,0.05,0.0,0.1,0.0,0.2,0.0,0.05,0.0,0.05,0.1,0.2,0.0,0.0,0.0,0.0
Sequence_38,0.1,0.0,0.05,0.05,0.05,0.05,0.0,0.1,0.0,0.2,0.0,0.05,0.0,0.05,0.1,0.2,0.0,0.0,0.0,0.0
Sequence_41,0.15,0.0,0.0,0.15,0.1,0.05,0.0,0.1,0.0,0.15,0.0,0.15,0.0,0.0,0.05,0.1,0.0,0.0,0.0,0.0
Sequence_42,0.1,0.0,0.05,0.05,0.05,0.05,0.0,0.1,0.0,0.2,0.0,0.05,0.0,0.05,0.1,0.2,0.0,0.0,0.0,0.0
Sequence_44,0.1,0.0,0.05,0.05,0.05,0.05,0.0,0.1,0.0,0.2,0.0,0.05,0.0,0.05,0.1,0.2,0.0,0.0,0.0,0.0
Sequence_45,0.1,0.0,0.05,0.05,0.05,0.05,0.0,0.1,0.0,0.2,0.0,0.05,0.0,0.05,0.1,0.2,0.0,0.0,0.0,0.0
Sequence_46,0.1,0.0,0.05,0.05,0.05,0.05,0.0,0.1,0.0,0.2,0.0,0.05,0.0,0.05,0.1,0.2,0.0,0.0,0.0,0.0
Sequence_47,0.15,0.0,0.0,0.15,0.1,0.05,0.0,0.1,0.0,0.15,0.0,0.15,0.0,0.0,0.05,0.1,0.0,0.0,0.0,0.0
Sequence_48,0.15,0.0,0.0,0.15,0.1,0.05,0.0,0.1,0.0,0.15,0.0,0.15,0.0,0.0,0.05,0.1,0.0,0.0,0.0,0.0
Sequence_49,0.1,0.0,0.05,0.05,0.05,0.05,0.0,0.1,0.0,0.2,0.0,0.05,0.0,0.05,0.1,0.2,0.0,0.0,0.0,0.0
Sequence_50,0.1,0.0,0.05,0.05,0.05,0.05,0.0,0.1,0.0,0.2,0.0,0.05,0.0,0.05,0.1,0.2,0.0,0.0,0.0,0.0
Sequence_53,0.05,0.0,0.1,0.0,0.05,0.05,0.0,0.1,0.0,0.2,0.0,0.1,0.0,0.0,0.05,0.25,0.0,0.05,0.0,0.0
Sequence_54,0.05,0.0,0.1,0.0,0.05,0.05,0.0,0.1,0.0,0.2,0.0,0.1,0.0,0.0,0.05,0.25,0.0,0.05,0.0,0.0
Sequence_55,0.05,0.0,0.1,0.0,0.05,0.05,0.0,0.1,0.0,0.2,0.0,0.1,0.0,0.0,0.05,0.25,0.0,0.05,0.0,0.0
Sequence_56,0.05,0.0,0.1,0.0,0.05,0.05,0.0,0.1,0.0,0.2,0.0,0.1,0.0,0.0,0.05,0.25,0.0,0.05,0.0,0.0
Sequence_57,0.05,0.0,0.1,0.0,0.05,0.05,0.0,0.1,0.0,0.2,0.0,0.1,0.0,0.0,0.05,0.25,0.0,0.05,0.0,0.0
Sequence_58,0.05,0.0,0.1,0.0,0.05,0.05,0.0,0.1,0.0,0.2,0.0,0.1,0.0,0.0,0.05,0.25,0.0,0.05,0.0,0.0
Sequence_59,0.05,0.0,0.1,0.0,0.05,0.05,0.0,0.1,0.0,0.2,0.0,0.1,0.0,0.0,0.05,0.25,0.0,0.05,0.0,0.0
Sequence_60,0.05,0.0,0.1,0.0,0.05,0.05,0.0,0.1,0.0,0.2,0.0,0.1,0.0,0.0,0.05,0.25,0.0,0.05,0.0,0.0
Sequence_61,0.05,0.0,0.1,0.0,0.05,0.05,0.0,0.1,0.0,0.2,0.0,0.1,0.0,0.0,0.05,0.25,0.0,0.05,0.0,0.0
Sequence_62,0.05,0.0,0.1,0.0,0.05,0.05,0.0,0.1,0.0,0.2,0.0,0.1,0.0,0.0,0.05,0.25,0.0,0.05,0.0,0.0
Sequence_63,0.05,0.0,0.1,0.0,0.05,0.05,0.0,0.1,0.0,0.2,0.0,0.1,0.0,0.0,0.05,0.25,0.0,0.05,0.0,0.0
Sequence_64,0.05,0.0,0.1,0.0,0.05,0.05,0.0,0.1,0.0,0.2,0.0,0.1,0.0,0.0,0.05,0.25,0.0,0.05,0.0,0.0
Sequence_65,0.05,0.0,0.1,0.0,0.05,0.05,0.0,0.1,0.05,0.2,0.0,0.05,0.0,0.0,0.05,0.25,0.0,0.05,0.0,0.0
Sequence_66,0.05,0.0,0.1,0.0,0.05,0.05,0.0,0.1,0.05,0.2,0.0,0.05,0.0,0.0,0.05,0.25,0.0,0.05,0.0,0.0
Sequence_67,0.05,0.0,0.1,0.0,0.05,0.05,0.0,0.1,0.05,0.2,0.0,0.05,0.0,0.0,0.05,0.25,0.0,0.05,0.0,0.0
Sequence_68,0.05,0.0,0.1,0.0,0.05,0.05,0.0,0.1,0.05,0.2,0.0,0.05,0.0,0.0,0.05,0.25,0.0,0.05,0.0,0.0
Sequence_69,0.05,0.0,0.1,0.0,0.05,0.05,0.0,0.1,0.05,0.2,0.0,0.05,0.0,0.0,0.05,0.25,0.0,0.05,0.0,0.0
Sequence_70,0.05,0.0,0.1,0.0,0.05,0.05,0.0,0.1,0.05,0.2,0.0,0.05,0.0,0.0,0.05,0.25,0.0,0.05,0.0,0.0
Sequence_71,0.05,0.0,0.1,0.0,0.05,0.05,0.0,0.1,0.0,0.2,0.0,0.1,0.0,0.0,0.05,0.25,0.0,0.05,0.0,0.0
Sequence_72,0.05,0.0,0.1,0.0,0.05,0.05,0.0,0.1,0.0,0.2,0.0,0.1,0.0,0.0,0.05,0.25,0.0,0.05,0.0,0.0
Sequence_73,0.1,0.0,0.1,0.0,0.05,0.05,0.0,0.15,0.0,0.15,0.0,0.05,0.0,0.0,0.05,0.25,0.05,0.0,0.0,0.0
Sequence_74,0.05,0.0,0.0,0.1,0.1,0.1,0.0,0.15,0.0,0.1,0.0,0.1,0.0,0.0,0.05,0.25,0.0,0.0,0.0,0.0
Sequence_75,0.1,0.0,0.1,0.0,0.05,0.05,0.0,0.15,0.0,0.15,0.0,0.05,0.0,0.0,0.05,0.25,0.05,0.0,0.0,0.0
Sequence_76,0.05,0.0,0.1,0.0,0.05,0.05,0.0,0.1,0.0,0.2,0.0,0.1,0.0,0.0,0.05,0.25,0.0,0.05,0.0,0.0
Sequence_77,0.1,0.0,0.1,0.0,0.05,0.05,0.0,0.15,0.0,0.15,0.0,0.05,0.0,0.0,0.05,0.25,0.05,0.0,0.0,0.0
Sequence_78,0.05,0.0,0.1,0.0,0.05,0.05,0.0,0.15,0.0,0.1,0.0,0.15,0.0,0.1,0.05,0.15,0.0,0.0,0.0,0.05
Sequence_79,0.05,0.0,0.05,0.1,0.0,0.05,0.05,0.0,0.0,0.0,0.0,0.0,0.05,0.0,0.05,0.05,0.15,0.05,0.0,0.0
Sequence_80,0.05,0.0,0.05,0.05,0.1,0.1,0.0,0.15,0.0,0.1,0.0,0.1,0.0,0.0,0.05,0.25,0.0,0.0,0.0,0.0
Sequence_81,0.05,0.0,0.1,0.0,0.05,0.05,0.0,0.1,0.0,0.2,0.0,0.1,0.0,0.0,0.05,0.25,0.0,0.05,0.0,0.0
Sequence_85,0.05,0.0,0.1,0.0,0.05,0.05,0.0,0.1,0.0,0.2,0.0,0.1,0.0,0.0,0.05,0.25,0.0,0.05,0.0,0.0
Sequence_86,0.05,0.0,0.1,0.0,0.05,0.05,0.0,0.1,0.0,0.2,0.0,0.1,0.0,0.0,0.05,0.25,0.0,0.05,0.0,0.0
Sequence_87,0.05,0.0,0.1,0.0,0.05,0.05,0.0,0.1,0.0,0.2,0.0,0.1,0.0,0.0,0.05,0.25,0.0,0.05,0.0,0.0
Sequence_88,0.05,0.0,0.1,0.0,0.05,0.05,0.0,0.1,0.0,0.2,0.0,0.1,0.0,0.0,0.05,0.25,0.0,0.05,0.0,0.0
Sequence_89,0.05,0.0,0.1,0.0,0.05,0.05,0.0,0.1,0.0,0.2,0.0,0.1,0.0,0.0,0.05,0.25,0.0,0.05,0.0,0.0
Sequence_90,0.05,0.0,0.1,0.0,0.05,0.05,0.0,0.1,0.0,0.2,0.0,0.1,0.0,0.0,0.05,0.25,0.0,0.05,0.0,0.0
Sequence_91,0.05,0.0,0.1,0.0,0.05,0.05,0.0,0.1,0.0,0.2,0.0,0.1,0.0,0.0,0.05,0.25,0.0,0.05,0.0,0.0
Sequence_92,0.05,0.0,0.1,0.0,0.05,0.05,0.0,0.1,0.0,0.2,0.0,0.1,0.0,0.0,0.05,0.25,0.0,0.05,0.0,0.0
Sequence_93,0.05,0.0,0.1,0.0,0.05,0.05,0.0,0.1,0.0,0.2,0.0,0.1,0.0,0.0,0.05,0.25,0.0,0.05,0.0,0.0
Sequence_94,0.05,0.0,0.1,0.0,0.05,0.05,0.0,0.1,0.0,0.2,0.0,0.1,0.0,0.0,0.05,0.25,0.0,0.05,0.0,0.0
Sequence_95,0.05,0.0,0.1,0.0,0.05,0.05,0.0,0.1,0.0,0.2,0.0,0.1,0.0,0.0,0.05,0.25,0.0,0.05,0.0,0.0
Sequence_96,0.05,0.0,0.1,0.0,0.05,0.05,0.0,0.1,0.0,0.2,0.0,0.1,0.0,0.0,0.05,0.25,0.0,0.05,0.0,0.0
Sequence_97,0.05,0.0,0.1,0.0,0.05,0.05,0.0,0.1,0.0,0.2,0.0,0.1,0.0,0.0,0.05,0.25,0.0,0.05,0.0,0.0
Sequence_98,0.05,0.0,0.1,0.0,0.05,0.05,0.0,0.1,0.0,0.2,0.0,0.1,0.0,0.0,0.05,0.25,0.0,0.05,0.0,0.0
Sequence_99,0.05,0.0,0.1,0.0,0.05,0.05,0.0,0.1,0.0,0.2,0.0,0.1,0.0,0.0,0.05,0.25,0.0,0.05,0.0,0.0
Sequence_100,0.05,0.0,0.1,0.0,0.05,0.05,0.0,0.15,0.0,0.15,0.0,0.1,0.0,0.0,0.05,0.25,0.05,0.0,0.0,0.0
Sequence_101,0.1,0.0,0.05,0.05,0.05,0.05,0.0,0.1,0.0,0.2,0.0,0.05,0.0,0.05,0.1,0.2,0.0,0.0,0.0,0.0
Sequence_102,0.1,0.0,0.05,0.05,0.05,0.05,0.0,0.1,0.0,0.2,0.0,0.05,0.0,0.05,0.1,0.2,0.0,0.0,0.0,0.0
Sequence_103,0.05,0.0,0.1,0.0,0.05,0.0,0.0,0.15,0.0,0.1,0.0,0.15,0.0,0.1,0.05,0.2,0.0,0.0,0.0,0.05
Sequence_104,0.05,0.0,0.1,0.0,0.05,0.0,0.0,0.15,0.0,0.1,0.0,0.15,0.0,0.1,0.05,0.2,0.0,0.0,0.0,0.05
Sequence_105,0.05,0.0,0.1,0.0,0.05,0.0,0.0,0.15,0.0,0.1,0.0,0.15,0.0,0.1,0.05,0.2,0.0,0.0,0.0,0.05
Sequence_106,0.05,0.0,0.1,0.0,0.05,0.0,0.0,0.15,0.0,0.1,0.0,0.15,0.0,0.1,0.05,0.2,0.0,0.0,0.0,0.05
Sequence_107,0.05,0.0,0.15,0.0,0.05,0.0,0.05,0.15,0.0,0.1,0.0,0.05,0.0,0.1,0.05,0.2,0.0,0.0,0.0,0.05
Sequence_108,0.05,0.0,0.1,0.0,0.05,0.0,0.0,0.15,0.0,0.1,0.0,0.15,0.0,0.1,0.05,0.2,0.0,0.0,0.0,0.05
Sequence_109,0.05,0.0,0.1,0.0,0.05,0.0,0.0,0.15,0.0,0.1,0.0,0.15,0.0,0.1,0.05,0.2,0.0,0.0,0.0,0.05
Sequence_110,0.0,0.0,0.05,0.0,0.15,0.2,0.0,0.05,0.0,0.1,0.0,0.05,0.0,0.1,0.0,0.15,0.05,0.05,0.0,0.05
Sequence_111,0.1,0.0,0.05,0.05,0.05,0.05,0.0,0.1,0.0,0.2,0.0,0.05,0.0,0.05,0.1,0.2,0.0,0.0,0.0,0.0
Sequence_115,0.1,0.0,0.05,0.05,0.05,0.05,0.0,0.1,0.0,0.2,0.0,0.05,0.0,0.05,0.1,0.2,0.0,0.0,0.0,0.0
Sequence_116,0.1,0.0,0.05,0.05,0.05,0.05,0.0,0.1,0.0,0.2,0.0,0.05,0.0,0.05,0.1,0.2,0.0,0.0,0.0,0.0
Sequence_117,0.1,0.0,0.05,0.05,0.05,0.05,0.0,0.1,0.0,0.2,0.0,0.05,0.0,0.05,0.1,0.2,0.0,0.0,0.0,0.0
Sequence_118,0.1,0.0,0.05,0.05,0.05,0.05,0.0,0.1,0.0,0.2,0.0,0.05,0.0,0.05,0.1,0.2,0.0,0.0,0.0,0.0
Sequence_119,0.1,0.0,0.05,0.05,0.05,0.05,0.0,0.1,0.0,0.2,0.0,0.05,0.0,0.05,0.1,0.2,0.0,0.0,0.0,0.0
Sequence_120,0.1,0.0,0.05,0.05,0.05,0.05,0.0,0.1,0.0,0.2,0.0,0.05,0.0,0.05,0.1,0.2,0.0,0.0,0.0,0.0
Sequence_121,0.05,0.0,0.1,0.0,0.05,0.05,0.0,0.1,0.0,0.2,0.0,0.1,0.0,0.0,0.05,0.25,0.0,0.05,0.0,0.0
Sequence_122,0.1,0.0,0.05,0.05,0.05,0.05,0.0,0.1,0.0,0.2,0.0,0.05,0.0,0.05,0.1,0.2,0.0,0.0,0.0,0.0
Sequence_123,0.05,0.0,0.05,0.05,0.05,0.05,0.0,0.1,0.0,0.2,0.0,0.05,0.0,0.05,0.1,0.25,0.0,0.0,0.0,0.0
Sequence_124,0.1,0.0,0.05,0.05,0.05,0.05,0.0,0.1,0.0,0.2,0.0,0.05,0.0,0.05,0.1,0.2,0.0,0.0,0.0,0.0
Sequence_125,0.05,0.0,0.05,0.05,0.05,0.05,0.0,0.1,0.0,0.2,0.0,0.05,0.0,0.05,0.1,0.25,0.0,0.0,0.0,0.0
Sequence_126,0.05,0.0,0.05,0.05,0.05,0.05,0.0,0.1,0.0,0.2,0.0,0.05,0.0,0.05,0.1,0.25,0.0,0.0,0.0,0.0
Sequence_127,0.1,0.0,0.1,0.0,0.05,0.1,0.0,0.2,0.0,0.1,0.0,0.05,0.0,0.05,0.05,0.15,0.05,0.0,0.0,0.0
Sequence_128,0.05,0.0,0.05,0.05,0.05,0.05,0.0,0.1,0.0,0.2,0.0,0.05,0.0,0.05,0.1,0.25,0.0,0.0,0.0,0.0
Sequence_129,0.1,0.0,0.1,0.0,0.05,0.0,0.05,0.15,0.0,0.1,0.0,0.1,0.0,0.1,0.1,0.1,0.0,0.0,0.0,0.05
Sequence_130,0.05,0.0,0.1,0.0,0.05,0.05,0.0,0.1,0.0,0.2,0.0,0.1,0.0,0.0,0.05,0.25,0.0,0.05,0.0,0.0
Sequence_131,0.05,0.0,0.05,0.05,0.1,0.05,0.0,0.1,0.05,0.2,0.0,0.05,0.0,0.05,0.05,0.2,0.0,0.0,0.0,0.0
Sequence_132,0.1,0.0,0.05,0.05,0.05,0.05,0.0,0.1,0.0,0.2,0.0,0.05,0.0,0.05,0.1,0.2,0.0,0.0,0.0,0.0
Sequence_133,0.1,0.0,0.1,0.0,0.05,0.05,0.0,0.15,0.0,0.15,0.0,0.05,0.0,0.0,0.05,0.25,0.05,0.0,0.0,0.0
Sequence_134,0.05,0.0,0.0,0.1,0.1,0.1,0.0,0.15,0.0,0.1,0.0,0.1,0.0,0.0,0.05,0.25,0.0,0.0,0.0,0.0
Sequence_135,0.05,0.0,0.1,0.0,0.05,0.05,0.0,0.1,0.0,0.2,0.0,0.1,0.0,0.0,0.05,0.25,0.0,0.05,0.0,0.0
Sequence_136,0.05,0.0,0.05,0.05,0.1,0.05,0.0,0.1,0.05,0.2,0.0,0.05,0.0,0.05,0.05,0.2,0.0,0.0,0.0,0.0
Sequence_137,0.05,0.0,0.1,0.0,0.05,0.05,0.0,0.1,0.0,0.2,0.0,0.1,0.0,0.0,0.05,0.25,0.0,0.05,0.0,0.0
Sequence_138,0.05,0.0,0.05,0.05,0.1,0.05,0.0,0.1,0.05,0.2,0.0,0.05,0.0,0.05,0.05,0.2,0.0,0.0,0.0,0.0
Sequence_139,0.1,0.0,0.1,0.0,0.05,0.05,0.0,0.15,0.0,0.15,0.0,0.05,0.0,0.0,0.05,0.25,0.05,0.0,0.0,0.0
Sequence_140,0.1,0.0,0.1,0.0,0.05,0.05,0.0,0.15,0.0,0.15,0.0,0.05,0.0,0.0,0.05,0.25,0.05,0.0,0.0,0.0
Sequence_141,0.05,0.0,0.1,0.0,0.05,0.05,0.0,0.1,0.0,0.2,0.0,0.1,0.0,0.0,0.05,0.25,0.0,0.05,0.0,0.0
Sequence_142,0.05,0.0,0.05,0.05,0.1,0.05,0.0,0.15,0.05,0.05,0.0,0.1,0.0,0.15,0.0,0.1,0.0,0.05,0.0,0.05
Sequence_143,0.0,0.0,0.0,0.1,0.05,0.05,0.0,0.05,0.05,0.1,0.0,0.1,0.0,0.2,0.0,0.1,0.15,0.05,0.0,0.0
Sequence_144,0.05,0.0,0.05,0.05,0.05,0.05,0.0,0.1,0.0,0.2,0.0,0.05,0.0,0.05,0.1,0.25,0.0,0.0,0.0,0.0
Sequence_145,0.05,0.0,0.05,0.05,0.05,0.05,0.0,0.15,0.05,0.1,0.0,0.1,0.0,0.15,0.0,0.1,0.0,0.05,0.0,0.05
Sequence_146,0.05,0.0,0.05,0.05,0.05,0.05,0.0,0.1,0.0,0.2,0.0,0.05,0.0,0.05,0.1,0.25,0.0,0.0,0.0,0.0
Sequence_147,0.05,0.0,0.05,0.05,0.05,0.05,0.0,0.1,0.0,0.2,0.0,0.05,0.0,0.05,0.1,0.25,0.0,0.0,0.0,0.0
Sequence_148,0.05,0.0,0.05,0.05,0.05,0.05,0.0,0.1,0.0,0.2,0.0,0.05,0.0,0.05,0.1,0.25,0.0,0.0,0.0,0.0
Sequence_149,0.05,0.0,0.05,0.05,0.05,0.05,0.0,0.1,0.0,0.2,0.0,0.05,0.0,0.05,0.1,0.25,0.0,0.0,0.0,0.0
Sequence_150,0.1,0.0,0.05,0.05,0.05,0.05,0.0,0.1,0.0,0.2,0.0,0.05,0.0,0.05,0.1,0.2,0.0,0.0,0.0,0.0
Sequence_151,0.1,0.0,0.05,0.05,0.05,0.05,0.0,0.1,0.0,0.2,0.0,0.05,0.0,0.05,0.1,0.15,0.05,0.0,0.0,0.0
Sequence_152,0.1,0.0,0.05,0.05,0.05,0.05,0.0,0.1,0.0,0.2,0.0,0.05,0.0,0.05,0.1,0.15,0.05,0.0,0.0,0.0
Sequence_153,0.05,0.0,0.05,0.05,0.05,0.05,0.0,0.1,0.0,0.2,0.0,0.05,0.0,0.05,0.1,0.25,0.0,0.0,0.0,0.0
Sequence_154,0.05,0.0,0.1,0.0,0.05,0.0,0.0,0.15,0.0,0.1,0.0,0.15,0.0,0.1,0.05,0.2,0.0,0.0,0.0,0.05
Sequence_155,0.1,0.0,0.05,0.05,0.05,0.05,0.0,0.1,0.0,0.2,0.0,0.05,0.0,0.05,0.1,0.15,0.05,0.0,0.0,0.0
Sequence_156,0.05,0.1,0.0,0.1,0.0,0.0,0.0,0.0,0.05,0.0,0.0,0.0,0.0,0.0,0.0,0.1,0.05,0.05,0.0,0.05
Sequence_157,0.1,0.0,0.1,0.0,0.05,0.0,0.0,0.15,0.0,0.1,0.0,0.05,0.0,0.15,0.1,0.15,0.0,0.0,0.0,0.05
Sequence_158,0.1,0.0,0.0,0.1,0.05,0.05,0.0,0.1,0.0,0.2,0.0,0.05,0.0,0.05,0.1,0.15,0.05,0.0,0.0,0.0
Sequence_159,0.05,0.1,0.0,0.05,0.0,0.0,0.0,0.0,0.0,0.0,0.0,0.0,0.0,0.05,0.0,0.15,0.05,0.05,0.0,0.05
Sequence_160,0.05,0.1,0.0,0.05,0.0,0.0,0.05,0.0,0.0,0.0,0.0,0.0,0.05,0.0,0.0,0.15,0.05,0.05,0.0,0.0
Sequence_161,0.05,0.1,0.0,0.05,0.0,0.0,0.05,0.0,0.0,0.0,0.0,0.0,0.05,0.0,0.0,0.15,0.05,0.05,0.0,0.0
Sequence_162,0.05,0.1,0.0,0.05,0.0,0.0,0.05,0.0,0.0,0.0,0.0,0.0,0.0,0.05,0.0,0.1,0.05,0.1,0.0,0.0
Sequence_163,0.05,0.0,0.1,0.0,0.05,0.05,0.0,0.15,0.0,0.1,0.0,0.15,0.0,0.1,0.05,0.15,0.0,0.0,0.0,0.05
Sequence_164,0.05,0.0,0.15,0.0,0.05,0.0,0.05,0.15,0.0,0.1,0.0,0.05,0.0,0.1,0.05,0.2,0.0,0.0,0.0,0.05
Sequence_166,0.05,0.0,0.05,0.05,0.05,0.05,0.0,0.15,0.05,0.15,0.0,0.1,0.0,0.1,0.0,0.1,0.0,0.05,0.0,0.05
Sequence_168,0.05,0.0,0.1,0.0,0.05,0.0,0.0,0.15,0.0,0.1,0.0,0.15,0.0,0.1,0.05,0.2,0.0,0.0,0.0,0.05
Sequence_169,0.05,0.0,0.1,0.0,0.05,0.0,0.0,0.15,0.0,0.1,0.0,0.15,0.0,0.1,0.05,0.2,0.0,0.0,0.0,0.05
Sequence_171,0.05,0.0,0.1,0.0,0.05,0.0,0.0,0.15,0.0,0.1,0.0,0.15,0.0,0.1,0.05,0.2,0.0,0.0,0.0,0.05
Sequence_172,0.05,0.0,0.1,0.0,0.05,0.0,0.0,0.15,0.0,0.1,0.0,0.15,0.0,0.1,0.05,0.2,0.0,0.0,0.0,0.05
Sequence_173,0.05,0.1,0.0,0.0,0.0,0.0,0.05,0.0,0.0,0.0,0.0,0.0,0.0,0.0,0.0,0.1,0.2,0.05,0.0,0.0
Sequence_174,0.05,0.1,0.0,0.1,0.0,0.0,0.0,0.05,0.05,0.0,0.0,0.0,0.0,0.0,0.0,0.05,0.1,0.0,0.0,0.05
Sequence_175,0.05,0.0,0.1,0.0,0.05,0.0,0.0,0.15,0.0,0.1,0.0,0.15,0.0,0.1,0.05,0.2,0.0,0.0,0.0,0.05
Sequence_176,0.0,0.1,0.0,0.0,0.0,0.0,0.05,0.0,0.0,0.0,0.0,0.0,0.0,0.05,0.0,0.15,0.05,0.15,0.0,0.0
Sequence_177,0.0,0.1,0.0,0.1,0.0,0.0,0.0,0.0,0.0,0.05,0.0,0.05,0.0,0.0,0.0,0.1,0.05,0.05,0.0,0.05
Sequence_178,0.1,0.1,0.05,0.0,0.0,0.0,0.0,0.05,0.0,0.0,0.0,0.0,0.0,0.0,0.0,0.1,0.05,0.05,0.0,0.05
Sequence_179,0.05,0.0,0.05,0.1,0.0,0.05,0.05,0.0,0.0,0.0,0.0,0.0,0.05,0.0,0.05,0.05,0.15,0.05,0.0,0.0
Sequence_180,0.0,0.1,0.0,0.1,0.0,0.0,0.0,0.0,0.0,0.05,0.0,0.05,0.0,0.0,0.0,0.1,0.05,0.05,0.0,0.05
Sequence_181,0.0,0.1,0.0,0.0,0.0,0.0,0.05,0.0,0.0,0.0,0.0,0.0,0.0,0.0,0.0,0.15,0.2,0.05,0.0,0.0
Sequence_182,0.05,0.0,0.1,0.0,0.05,0.0,0.0,0.15,0.0,0.1,0.0,0.15,0.0,0.1,0.05,0.2,0.0,0.0,0.0,0.05
Sequence_183,0.05,0.0,0.1,0.0,0.05,0.05,0.0,0.1,0.05,0.15,0.0,0.1,0.0,0.15,0.0,0.1,0.0,0.05,0.0,0.05
Sequence_184,0.05,0.0,0.1,0.0,0.05,0.05,0.0,0.1,0.05,0.15,0.0,0.1,0.0,0.15,0.0,0.1,0.0,0.05,0.0,0.05
Sequence_186,0.05,0.0,0.1,0.0,0.05,0.0,0.0,0.15,0.0,0.1,0.0,0.15,0.0,0.1,0.05,0.2,0.0,0.0,0.0,0.05
Sequence_193,0.05,0.0,0.05,0.0,0.15,0.15,0.0,0.05,0.0,0.1,0.0,0.1,0.0,0.05,0.0,0.15,0.05,0.05,0.0,0.05
Sequence_195,0.05,0.0,0.1,0.0,0.05,0.0,0.0,0.15,0.0,0.1,0.0,0.15,0.0,0.1,0.05,0.2,0.0,0.0,0.0,0.05
Sequence_198,0.05,0.0,0.1,0.0,0.05,0.0,0.0,0.15,0.0,0.1,0.0,0.15,0.0,0.1,0.05,0.2,0.0,0.0,0.0,0.05
Sequence_199,0.05,0.0,0.1,0.05,0.05,0.0,0.0,0.05,0.0,0.05,0.05,0.05,0.0,0.05,0.05,0.05,0.2,0.15,0.0,0.05
Sequence_200,0.05,0.0,0.05,0.1,0.0,0.05,0.0,0.0,0.0,0.05,0.0,0.0,0.0,0.05,0.0,0.05,0.15,0.05,0.0,0.05
Sequence_202,0.05,0.0,0.05,0.1,0.0,0.05,0.0,0.0,0.0,0.0,0.0,0.0,0.05,0.05,0.0,0.05,0.15,0.05,0.0,0.05
Sequence_203,0.0,0.0,0.0,0.05,0.0,0.1,0.05,0.0,0.0,0.05,0.0,0.05,0.05,0.05,0.0,0.0,0.15,0.1,0.0,0.0
Sequence_207,0.1,0.0,0.1,0.0,0.05,0.05,0.05,0.05,0.05,0.05,0.0,0.05,0.0,0.15,0.0,0.1,0.0,0.2,0.0,0.0
Sequence_208,0.05,0.1,0.0,0.05,0.0,0.0,0.05,0.0,0.0,0.0,0.0,0.0,0.0,0.0,0.0,0.2,0.05,0.05,0.0,0.0
Sequence_209,0.05,0.1,0.0,0.05,0.0,0.0,0.05,0.0,0.0,0.0,0.0,0.0,0.0,0.0,0.0,0.2,0.05,0.05,0.0,0.0
Sequence_210,0.05,0.1,0.0,0.05,0.0,0.0,0.05,0.0,0.0,0.0,0.0,0.0,0.0,0.0,0.0,0.2,0.05,0.05,0.0,0.0
Sequence_211,0.0,0.1,0.05,0.05,0.0,0.05,0.0,0.0,0.05,0.0,0.0,0.0,0.0,0.0,0.0,0.05,0.0,0.15,0.0,0.05
Sequence_212,0.05,0.1,0.0,0.05,0.0,0.0,0.05,0.0,0.05,0.0,0.0,0.0,0.0,0.0,0.0,0.1,0.1,0.05,0.0,0.0
Sequence_213,0.0,0.1,0.0,0.0,0.0,0.0,0.0,0.0,0.05,0.0,0.0,0.0,0.0,0.0,0.0,0.1,0.2,0.05,0.0,0.05
Sequence_214,0.0,0.1,0.05,0.05,0.0,0.05,0.0,0.0,0.05,0.0,0.0,0.0,0.0,0.0,0.0,0.05,0.0,0.15,0.0,0.05
Sequence_215,0.0,0.1,0.05,0.05,0.0,0.05,0.0,0.0,0.05,0.0,0.0,0.0,0.0,0.0,0.0,0.05,0.0,0.15,0.0,0.05
Sequence_217,0.05,0.1,0.0,0.05,0.0,0.0,0.05,0.0,0.0,0.0,0.0,0.0,0.05,0.0,0.0,0.15,0.05,0.05,0.0,0.0
Sequence_219,0.05,0.1,0.0,0.05,0.0,0.0,0.05,0.0,0.0,0.0,0.0,0.0,0.0,0.05,0.0,0.1,0.05,0.1,0.0,0.0
Sequence_220,0.05,0.1,0.0,0.0,0.0,0.0,0.05,0.0,0.0,0.0,0.0,0.0,0.0,0.05,0.0,0.15,0.05,0.1,0.0,0.0
